van_county,van_precinct_nam,folder,list_name
Philadelphia,Philadelphia 02-01,R01_001_Queen Village_Doors,DR01_Philadelphia_02-01_
Philadelphia,Philadelphia 02-02,R01_001_Queen Village_Doors,DR01_Philadelphia_02-02_
Philadelphia,Philadelphia 02-03,R01_001_Queen Village_Doors,DR01_Philadelphia_02-03_
Philadelphia,Philadelphia 02-04,R01_001_Queen Village_Doors,DR01_Philadelphia_02-04_
Philadelphia,Philadelphia 02-05,R01_001_Queen Village_Doors,DR01_Philadelphia_02-05_
Philadelphia,Philadelphia 02-06,R01_001_Queen Village_Doors,DR01_Philadelphia_02-06_
Philadelphia,Philadelphia 02-07,R01_001_Queen Village_Doors,DR01_Philadelphia_02-07_
Philadelphia,Philadelphia 02-08,R01_001_Queen Village_Doors,DR01_Philadelphia_02-08_
Philadelphia,Philadelphia 02-09,R01_001_Queen Village_Doors,DR01_Philadelphia_02-09_
Philadelphia,Philadelphia 02-10,R01_001_Queen Village_Doors,DR01_Philadelphia_02-10_
Philadelphia,Philadelphia 02-11,R01_001_Queen Village_Doors,DR01_Philadelphia_02-11_
Philadelphia,Philadelphia 02-12,R01_001_Queen Village_Doors,DR01_Philadelphia_02-12_
Philadelphia,Philadelphia 02-13,R01_001_Queen Village_Doors,DR01_Philadelphia_02-13_
Philadelphia,Philadelphia 02-14,R01_001_Queen Village_Doors,DR01_Philadelphia_02-14_
Philadelphia,Philadelphia 02-15,R01_001_Queen Village_Doors,DR01_Philadelphia_02-15_
Philadelphia,Philadelphia 02-16,R01_001_Queen Village_Doors,DR01_Philadelphia_02-16_
Philadelphia,Philadelphia 02-17,R01_001_Queen Village_Doors,DR01_Philadelphia_02-17_
Philadelphia,Philadelphia 02-18,R01_001_Queen Village_Doors,DR01_Philadelphia_02-18_
Philadelphia,Philadelphia 02-19,R01_001_Queen Village_Doors,DR01_Philadelphia_02-19_
Philadelphia,Philadelphia 02-20,R01_001_Queen Village_Doors,DR01_Philadelphia_02-20_
Philadelphia,Philadelphia 02-21,R01_001_Queen Village_Doors,DR01_Philadelphia_02-21_
Philadelphia,Philadelphia 02-22,R01_001_Queen Village_Doors,DR01_Philadelphia_02-22_
Philadelphia,Philadelphia 02-23,R01_001_Queen Village_Doors,DR01_Philadelphia_02-23_
Philadelphia,Philadelphia 02-24,R01_001_Queen Village_Doors,DR01_Philadelphia_02-24_
Philadelphia,Philadelphia 02-25,R01_001_Queen Village_Doors,DR01_Philadelphia_02-25_
Philadelphia,Philadelphia 02-26,R01_001_Queen Village_Doors,DR01_Philadelphia_02-26_
Philadelphia,Philadelphia 02-27,R01_001_Queen Village_Doors,DR01_Philadelphia_02-27_
Philadelphia,Philadelphia 02-28,R01_001_Queen Village_Doors,DR01_Philadelphia_02-28_
Philadelphia,Philadelphia 02-29,R01_001_Queen Village_Doors,DR01_Philadelphia_02-29_
Philadelphia,Philadelphia 36-01,R01_002_Point Breeze_Doors,DR01_Philadelphia_36-01_
Philadelphia,Philadelphia 36-02,R01_002_Point Breeze_Doors,DR01_Philadelphia_36-02_
Philadelphia,Philadelphia 36-03,R01_002_Point Breeze_Doors,DR01_Philadelphia_36-03_
Philadelphia,Philadelphia 36-04,R01_002_Point Breeze_Doors,DR01_Philadelphia_36-04_
Philadelphia,Philadelphia 36-05,R01_002_Point Breeze_Doors,DR01_Philadelphia_36-05_
Philadelphia,Philadelphia 36-06,R01_002_Point Breeze_Doors,DR01_Philadelphia_36-06_
Philadelphia,Philadelphia 36-07,R01_002_Point Breeze_Doors,DR01_Philadelphia_36-07_
Philadelphia,Philadelphia 36-08,R01_002_Point Breeze_Doors,DR01_Philadelphia_36-08_
Philadelphia,Philadelphia 36-09,R01_002_Point Breeze_Doors,DR01_Philadelphia_36-09_
Philadelphia,Philadelphia 36-10,R01_002_Point Breeze_Doors,DR01_Philadelphia_36-10_
Philadelphia,Philadelphia 36-11,R01_002_Point Breeze_Doors,DR01_Philadelphia_36-11_
Philadelphia,Philadelphia 36-12,R01_002_Point Breeze_Doors,DR01_Philadelphia_36-12_
Philadelphia,Philadelphia 36-13,R01_002_Point Breeze_Doors,DR01_Philadelphia_36-13_
Philadelphia,Philadelphia 36-14,R01_002_Point Breeze_Doors,DR01_Philadelphia_36-14_
Philadelphia,Philadelphia 36-15,R01_002_Point Breeze_Doors,DR01_Philadelphia_36-15_
Philadelphia,Philadelphia 36-16,R01_002_Point Breeze_Doors,DR01_Philadelphia_36-16_
Philadelphia,Philadelphia 36-17,R01_002_Point Breeze_Doors,DR01_Philadelphia_36-17_
Philadelphia,Philadelphia 36-18,R01_002_Point Breeze_Doors,DR01_Philadelphia_36-18_
Philadelphia,Philadelphia 36-19,R01_002_Point Breeze_Doors,DR01_Philadelphia_36-19_
Philadelphia,Philadelphia 36-20,R01_002_Point Breeze_Doors,DR01_Philadelphia_36-20_
Philadelphia,Philadelphia 36-21,R01_002_Point Breeze_Doors,DR01_Philadelphia_36-21_
Philadelphia,Philadelphia 36-22,R01_002_Point Breeze_Doors,DR01_Philadelphia_36-22_
Philadelphia,Philadelphia 36-23,R01_002_Point Breeze_Doors,DR01_Philadelphia_36-23_
Philadelphia,Philadelphia 36-24,R01_002_Point Breeze_Doors,DR01_Philadelphia_36-24_
Philadelphia,Philadelphia 36-25,R01_002_Point Breeze_Doors,DR01_Philadelphia_36-25_
Philadelphia,Philadelphia 36-26,R01_002_Point Breeze_Doors,DR01_Philadelphia_36-26_
Philadelphia,Philadelphia 36-27,R01_002_Point Breeze_Doors,DR01_Philadelphia_36-27_
Philadelphia,Philadelphia 36-28,R01_002_Point Breeze_Doors,DR01_Philadelphia_36-28_
Philadelphia,Philadelphia 36-29,R01_002_Point Breeze_Doors,DR01_Philadelphia_36-29_
Philadelphia,Philadelphia 36-30,R01_002_Point Breeze_Doors,DR01_Philadelphia_36-30_
Philadelphia,Philadelphia 36-31,R01_002_Point Breeze_Doors,DR01_Philadelphia_36-31_
Philadelphia,Philadelphia 36-32,R01_002_Point Breeze_Doors,DR01_Philadelphia_36-32_
Philadelphia,Philadelphia 36-33,R01_002_Point Breeze_Doors,DR01_Philadelphia_36-33_
Philadelphia,Philadelphia 36-34,R01_002_Point Breeze_Doors,DR01_Philadelphia_36-34_
Philadelphia,Philadelphia 36-35,R01_002_Point Breeze_Doors,DR01_Philadelphia_36-35_
Philadelphia,Philadelphia 36-36,R01_002_Point Breeze_Doors,DR01_Philadelphia_36-36_
Philadelphia,Philadelphia 36-37,R01_002_Point Breeze_Doors,DR01_Philadelphia_36-37_
Philadelphia,Philadelphia 36-38,R01_002_Point Breeze_Doors,DR01_Philadelphia_36-38_
Philadelphia,Philadelphia 36-39,R01_002_Point Breeze_Doors,DR01_Philadelphia_36-39_
Philadelphia,Philadelphia 36-40,R01_002_Point Breeze_Doors,DR01_Philadelphia_36-40_
Philadelphia,Philadelphia 36-41,R01_002_Point Breeze_Doors,DR01_Philadelphia_36-41_
Philadelphia,Philadelphia 48-01,R01_002_Point Breeze_Doors,DR01_Philadelphia_48-01_
Philadelphia,Philadelphia 48-02,R01_002_Point Breeze_Doors,DR01_Philadelphia_48-02_
Philadelphia,Philadelphia 48-03,R01_002_Point Breeze_Doors,DR01_Philadelphia_48-03_
Philadelphia,Philadelphia 48-04,R01_002_Point Breeze_Doors,DR01_Philadelphia_48-04_
Philadelphia,Philadelphia 48-05,R01_002_Point Breeze_Doors,DR01_Philadelphia_48-05_
Philadelphia,Philadelphia 48-06,R01_002_Point Breeze_Doors,DR01_Philadelphia_48-06_
Philadelphia,Philadelphia 48-07,R01_002_Point Breeze_Doors,DR01_Philadelphia_48-07_
Philadelphia,Philadelphia 48-08,R01_002_Point Breeze_Doors,DR01_Philadelphia_48-08_
Philadelphia,Philadelphia 48-09,R01_002_Point Breeze_Doors,DR01_Philadelphia_48-09_
Philadelphia,Philadelphia 48-10,R01_002_Point Breeze_Doors,DR01_Philadelphia_48-10_
Philadelphia,Philadelphia 48-11,R01_002_Point Breeze_Doors,DR01_Philadelphia_48-11_
Philadelphia,Philadelphia 48-12,R01_002_Point Breeze_Doors,DR01_Philadelphia_48-12_
Philadelphia,Philadelphia 48-13,R01_002_Point Breeze_Doors,DR01_Philadelphia_48-13_
Philadelphia,Philadelphia 48-14,R01_002_Point Breeze_Doors,DR01_Philadelphia_48-14_
Philadelphia,Philadelphia 48-15,R01_002_Point Breeze_Doors,DR01_Philadelphia_48-15_
Philadelphia,Philadelphia 48-16,R01_002_Point Breeze_Doors,DR01_Philadelphia_48-16_
Philadelphia,Philadelphia 48-17,R01_002_Point Breeze_Doors,DR01_Philadelphia_48-17_
Philadelphia,Philadelphia 48-18,R01_002_Point Breeze_Doors,DR01_Philadelphia_48-18_
Philadelphia,Philadelphia 48-19,R01_002_Point Breeze_Doors,DR01_Philadelphia_48-19_
Philadelphia,Philadelphia 48-20,R01_002_Point Breeze_Doors,DR01_Philadelphia_48-20_
Philadelphia,Philadelphia 48-21,R01_002_Point Breeze_Doors,DR01_Philadelphia_48-21_
Philadelphia,Philadelphia 48-23,R01_002_Point Breeze_Doors,DR01_Philadelphia_48-23_
Philadelphia,Philadelphia 26-01,R01_002_Point Breeze_Doors,DR01_Philadelphia_26-01_
Philadelphia,Philadelphia 26-02,R01_002_Point Breeze_Doors,DR01_Philadelphia_26-02_
Philadelphia,Philadelphia 26-05,R01_002_Point Breeze_Doors,DR01_Philadelphia_26-05_
Philadelphia,Philadelphia 26-06,R01_002_Point Breeze_Doors,DR01_Philadelphia_26-06_
Philadelphia,Philadelphia 26-07,R01_002_Point Breeze_Doors,DR01_Philadelphia_26-07_
Philadelphia,Philadelphia 26-08,R01_002_Point Breeze_Doors,DR01_Philadelphia_26-08_
Philadelphia,Philadelphia 26-09,R01_002_Point Breeze_Doors,DR01_Philadelphia_26-09_
Philadelphia,Philadelphia 26-10,R01_002_Point Breeze_Doors,DR01_Philadelphia_26-10_
Philadelphia,Philadelphia 26-11,R01_002_Point Breeze_Doors,DR01_Philadelphia_26-11_
Philadelphia,Philadelphia 26-12,R01_002_Point Breeze_Doors,DR01_Philadelphia_26-12_
Philadelphia,Philadelphia 26-14,R01_002_Point Breeze_Doors,DR01_Philadelphia_26-14_
Philadelphia,Philadelphia 26-16,R01_002_Point Breeze_Doors,DR01_Philadelphia_26-16_
Philadelphia,Philadelphia 26-17,R01_002_Point Breeze_Doors,DR01_Philadelphia_26-17_
Philadelphia,Philadelphia 26-18,R01_002_Point Breeze_Doors,DR01_Philadelphia_26-18_
Philadelphia,Philadelphia 26-19,R01_002_Point Breeze_Doors,DR01_Philadelphia_26-19_
Philadelphia,Philadelphia 26-20,R01_002_Point Breeze_Doors,DR01_Philadelphia_26-20_
Philadelphia,Philadelphia 26-21,R01_002_Point Breeze_Doors,DR01_Philadelphia_26-21_
Philadelphia,Philadelphia 26-22,R01_002_Point Breeze_Doors,DR01_Philadelphia_26-22_
Philadelphia,Philadelphia 26-23,R01_002_Point Breeze_Doors,DR01_Philadelphia_26-23_
Philadelphia,Philadelphia 40-01,R09_054_Darby_Doors,DR01_Philadelphia_40-01_
Philadelphia,Philadelphia 40-02,R09_054_Darby_Doors,DR01_Philadelphia_40-02_
Philadelphia,Philadelphia 40-03,R09_054_Darby_Doors,DR01_Philadelphia_40-03_
Philadelphia,Philadelphia 40-04,R09_054_Darby_Doors,DR01_Philadelphia_40-04_
Philadelphia,Philadelphia 40-05,R09_054_Darby_Doors,DR01_Philadelphia_40-05_
Philadelphia,Philadelphia 40-06,R09_054_Darby_Doors,DR01_Philadelphia_40-06_
Philadelphia,Philadelphia 40-07,R09_054_Darby_Doors,DR01_Philadelphia_40-07_
Philadelphia,Philadelphia 40-08,R09_054_Darby_Doors,DR01_Philadelphia_40-08_
Philadelphia,Philadelphia 40-09,R09_054_Darby_Doors,DR01_Philadelphia_40-09_
Philadelphia,Philadelphia 40-10,R09_054_Darby_Doors,DR01_Philadelphia_40-10_
Philadelphia,Philadelphia 40-11,R09_054_Darby_Doors,DR01_Philadelphia_40-11_
Philadelphia,Philadelphia 40-12,R09_054_Darby_Doors,DR01_Philadelphia_40-12_
Philadelphia,Philadelphia 40-13,R09_054_Darby_Doors,DR01_Philadelphia_40-13_
Philadelphia,Philadelphia 40-14,R09_054_Darby_Doors,DR01_Philadelphia_40-14_
Philadelphia,Philadelphia 40-15,R09_054_Darby_Doors,DR01_Philadelphia_40-15_
Philadelphia,Philadelphia 40-16,R09_054_Darby_Doors,DR01_Philadelphia_40-16_
Philadelphia,Philadelphia 40-17,R09_054_Darby_Doors,DR01_Philadelphia_40-17_
Philadelphia,Philadelphia 40-18,R09_054_Darby_Doors,DR01_Philadelphia_40-18_
Philadelphia,Philadelphia 40-19,R09_054_Darby_Doors,DR01_Philadelphia_40-19_
Philadelphia,Philadelphia 40-20,R09_054_Darby_Doors,DR01_Philadelphia_40-20_
Philadelphia,Philadelphia 40-21,R09_054_Darby_Doors,DR01_Philadelphia_40-21_
Philadelphia,Philadelphia 40-22,R09_054_Darby_Doors,DR01_Philadelphia_40-22_
Philadelphia,Philadelphia 40-23,R09_054_Darby_Doors,DR01_Philadelphia_40-23_
Philadelphia,Philadelphia 40-24,R09_054_Darby_Doors,DR01_Philadelphia_40-24_
Philadelphia,Philadelphia 40-25,R09_054_Darby_Doors,DR01_Philadelphia_40-25_
Philadelphia,Philadelphia 40-26,R09_054_Darby_Doors,DR01_Philadelphia_40-26_
Philadelphia,Philadelphia 40-27,R09_054_Darby_Doors,DR01_Philadelphia_40-27_
Philadelphia,Philadelphia 40-28,R09_054_Darby_Doors,DR01_Philadelphia_40-28_
Philadelphia,Philadelphia 40-29,R09_054_Darby_Doors,DR01_Philadelphia_40-29_
Philadelphia,Philadelphia 40-30,R09_054_Darby_Doors,DR01_Philadelphia_40-30_
Philadelphia,Philadelphia 40-31,R09_054_Darby_Doors,DR01_Philadelphia_40-31_
Philadelphia,Philadelphia 40-32,R09_054_Darby_Doors,DR01_Philadelphia_40-32_
Philadelphia,Philadelphia 40-33,R09_054_Darby_Doors,DR01_Philadelphia_40-33_
Philadelphia,Philadelphia 40-34,R09_054_Darby_Doors,DR01_Philadelphia_40-34_
Philadelphia,Philadelphia 40-35,R09_054_Darby_Doors,DR01_Philadelphia_40-35_
Philadelphia,Philadelphia 40-36,R09_054_Darby_Doors,DR01_Philadelphia_40-36_
Philadelphia,Philadelphia 40-37,R09_054_Darby_Doors,DR01_Philadelphia_40-37_
Philadelphia,Philadelphia 40-38,R09_054_Darby_Doors,DR01_Philadelphia_40-38_
Philadelphia,Philadelphia 40-39,R09_054_Darby_Doors,DR01_Philadelphia_40-39_
Philadelphia,Philadelphia 40-40,R09_054_Darby_Doors,DR01_Philadelphia_40-40_
Philadelphia,Philadelphia 40-41,R09_054_Darby_Doors,DR01_Philadelphia_40-41_
Philadelphia,Philadelphia 40-42,R09_054_Darby_Doors,DR01_Philadelphia_40-42_
Philadelphia,Philadelphia 40-43,R09_054_Darby_Doors,DR01_Philadelphia_40-43_
Philadelphia,Philadelphia 40-44,R09_054_Darby_Doors,DR01_Philadelphia_40-44_
Philadelphia,Philadelphia 40-45,R09_054_Darby_Doors,DR01_Philadelphia_40-45_
Philadelphia,Philadelphia 40-46,R09_054_Darby_Doors,DR01_Philadelphia_40-46_
Philadelphia,Philadelphia 40-48,R09_054_Darby_Doors,DR01_Philadelphia_40-48_
Philadelphia,Philadelphia 40-49,R09_054_Darby_Doors,DR01_Philadelphia_40-49_
Philadelphia,Philadelphia 40-50,R09_054_Darby_Doors,DR01_Philadelphia_40-50_
Philadelphia,Philadelphia 40-51,R09_054_Darby_Doors,DR01_Philadelphia_40-51_
Philadelphia,Philadelphia 01-01,R01_003_Far South_Doors,DR01_Philadelphia_01-01_
Philadelphia,Philadelphia 01-02,R01_003_Far South_Doors,DR01_Philadelphia_01-02_
Philadelphia,Philadelphia 01-03,R01_003_Far South_Doors,DR01_Philadelphia_01-03_
Philadelphia,Philadelphia 01-04,R01_003_Far South_Doors,DR01_Philadelphia_01-04_
Philadelphia,Philadelphia 01-05,R01_003_Far South_Doors,DR01_Philadelphia_01-05_
Philadelphia,Philadelphia 01-06,R01_003_Far South_Doors,DR01_Philadelphia_01-06_
Philadelphia,Philadelphia 01-07,R01_003_Far South_Doors,DR01_Philadelphia_01-07_
Philadelphia,Philadelphia 01-08,R01_003_Far South_Doors,DR01_Philadelphia_01-08_
Philadelphia,Philadelphia 01-09,R01_003_Far South_Doors,DR01_Philadelphia_01-09_
Philadelphia,Philadelphia 01-10,R01_003_Far South_Doors,DR01_Philadelphia_01-10_
Philadelphia,Philadelphia 01-11,R01_003_Far South_Doors,DR01_Philadelphia_01-11_
Philadelphia,Philadelphia 01-12,R01_003_Far South_Doors,DR01_Philadelphia_01-12_
Philadelphia,Philadelphia 01-13,R01_003_Far South_Doors,DR01_Philadelphia_01-13_
Philadelphia,Philadelphia 01-14,R01_003_Far South_Doors,DR01_Philadelphia_01-14_
Philadelphia,Philadelphia 01-15,R01_003_Far South_Doors,DR01_Philadelphia_01-15_
Philadelphia,Philadelphia 01-16,R01_003_Far South_Doors,DR01_Philadelphia_01-16_
Philadelphia,Philadelphia 01-17,R01_003_Far South_Doors,DR01_Philadelphia_01-17_
Philadelphia,Philadelphia 01-18,R01_003_Far South_Doors,DR01_Philadelphia_01-18_
Philadelphia,Philadelphia 01-19,R01_003_Far South_Doors,DR01_Philadelphia_01-19_
Philadelphia,Philadelphia 01-20,R01_003_Far South_Doors,DR01_Philadelphia_01-20_
Philadelphia,Philadelphia 01-21,R01_003_Far South_Doors,DR01_Philadelphia_01-21_
Philadelphia,Philadelphia 39-01,R01_003_Far South_Doors,DR01_Philadelphia_39-01_
Philadelphia,Philadelphia 39-02,R01_003_Far South_Doors,DR01_Philadelphia_39-02_
Philadelphia,Philadelphia 39-03,R01_003_Far South_Doors,DR01_Philadelphia_39-03_
Philadelphia,Philadelphia 39-04,R01_003_Far South_Doors,DR01_Philadelphia_39-04_
Philadelphia,Philadelphia 39-05,R01_003_Far South_Doors,DR01_Philadelphia_39-05_
Philadelphia,Philadelphia 39-07,R01_003_Far South_Doors,DR01_Philadelphia_39-07_
Philadelphia,Philadelphia 39-08,R01_003_Far South_Doors,DR01_Philadelphia_39-08_
Philadelphia,Philadelphia 39-09,R01_003_Far South_Doors,DR01_Philadelphia_39-09_
Philadelphia,Philadelphia 39-10,R01_003_Far South_Doors,DR01_Philadelphia_39-10_
Philadelphia,Philadelphia 39-11,R01_003_Far South_Doors,DR01_Philadelphia_39-11_
Philadelphia,Philadelphia 39-13,R01_003_Far South_Doors,DR01_Philadelphia_39-13_
Philadelphia,Philadelphia 39-15,R01_003_Far South_Doors,DR01_Philadelphia_39-15_
Philadelphia,Philadelphia 39-16,R01_003_Far South_Doors,DR01_Philadelphia_39-16_
Philadelphia,Philadelphia 39-17,R01_003_Far South_Doors,DR01_Philadelphia_39-17_
Philadelphia,Philadelphia 39-19,R01_003_Far South_Doors,DR01_Philadelphia_39-19_
Philadelphia,Philadelphia 39-20,R01_003_Far South_Doors,DR01_Philadelphia_39-20_
Philadelphia,Philadelphia 39-21,R01_003_Far South_Doors,DR01_Philadelphia_39-21_
Philadelphia,Philadelphia 39-22,R01_003_Far South_Doors,DR01_Philadelphia_39-22_
Philadelphia,Philadelphia 39-23,R01_003_Far South_Doors,DR01_Philadelphia_39-23_
Philadelphia,Philadelphia 39-24,R01_003_Far South_Doors,DR01_Philadelphia_39-24_
Philadelphia,Philadelphia 39-25,R01_003_Far South_Doors,DR01_Philadelphia_39-25_
Philadelphia,Philadelphia 39-26,R01_003_Far South_Doors,DR01_Philadelphia_39-26_
Philadelphia,Philadelphia 39-27,R01_003_Far South_Doors,DR01_Philadelphia_39-27_
Philadelphia,Philadelphia 39-28,R01_003_Far South_Doors,DR01_Philadelphia_39-28_
Philadelphia,Philadelphia 39-30,R01_003_Far South_Doors,DR01_Philadelphia_39-30_
Philadelphia,Philadelphia 39-31,R01_003_Far South_Doors,DR01_Philadelphia_39-31_
Philadelphia,Philadelphia 39-32,R01_003_Far South_Doors,DR01_Philadelphia_39-32_
Philadelphia,Philadelphia 39-33,R01_003_Far South_Doors,DR01_Philadelphia_39-33_
Philadelphia,Philadelphia 39-34,R01_003_Far South_Doors,DR01_Philadelphia_39-34_
Philadelphia,Philadelphia 39-35,R01_003_Far South_Doors,DR01_Philadelphia_39-35_
Philadelphia,Philadelphia 39-36,R01_003_Far South_Doors,DR01_Philadelphia_39-36_
Philadelphia,Philadelphia 39-37,R01_003_Far South_Doors,DR01_Philadelphia_39-37_
Philadelphia,Philadelphia 39-38,R01_003_Far South_Doors,DR01_Philadelphia_39-38_
Philadelphia,Philadelphia 39-39,R01_003_Far South_Doors,DR01_Philadelphia_39-39_
Philadelphia,Philadelphia 39-40,R01_003_Far South_Doors,DR01_Philadelphia_39-40_
Philadelphia,Philadelphia 39-41,R01_003_Far South_Doors,DR01_Philadelphia_39-41_
Philadelphia,Philadelphia 39-42,R01_003_Far South_Doors,DR01_Philadelphia_39-42_
Philadelphia,Philadelphia 39-43,R01_003_Far South_Doors,DR01_Philadelphia_39-43_
Philadelphia,Philadelphia 39-44,R01_003_Far South_Doors,DR01_Philadelphia_39-44_
Philadelphia,Philadelphia 39-45,R01_003_Far South_Doors,DR01_Philadelphia_39-45_
Philadelphia,Philadelphia 39-46,R01_003_Far South_Doors,DR01_Philadelphia_39-46_
